{"mean": [0.39592508205937016, 0.4336037636217144, 0.43465022281226184], "std": [0.29639188733625504, 0.2814281997788322, 0.2887322067391714]}